{
  "bootstrap": {
    "Coxnet_Full_vs_TMB": {
      "delta": 0.0987163962822507,
      "ci_low": 0.0768663036001564,
      "ci_high": 0.12042923509147127,
      "p_value": 0.0009995002498750624,
      "n_boot": 2000,
      "c_a": 0.6445516365853872,
      "c_b": 0.5458352403031365,
      "p_holm": 0.00399800099950025
    },
    "Coxnet_Full_vs_TMBClin": {
      "delta": 0.0076644597777980605,
      "ci_low": -0.0026066918300900297,
      "ci_high": 0.017483389002695974,
      "p_value": 0.13093453273363317,
      "n_boot": 2000,
      "c_a": 0.6445516365853872,
      "c_b": 0.6368871768075891,
      "p_holm": 0.26186906546726635
    },
    "RSF_Full_vs_TMB": {
      "delta": 0.09604518364898618,
      "ci_low": 0.07359618790353639,
      "ci_high": 0.11835181152267475,
      "p_value": 0.0009995002498750624,
      "n_boot": 2000,
      "c_a": 0.6418804239521226,
      "c_b": 0.5458352403031365,
      "p_holm": 0.00399800099950025
    },
    "RSF_Full_vs_TMBClin": {
      "delta": 0.00499324714453353,
      "ci_low": -0.0048017033572068935,
      "ci_high": 0.015290890849772365,
      "p_value": 0.3238380809595202,
      "n_boot": 2000,
      "c_a": 0.6418804239521226,
      "c_b": 0.6368871768075891,
      "p_holm": 0.3238380809595202
    }
  },
  "fold_paired": {
    "Coxnet_Full_vs_TMB": {
      "delta_mean": 0.09629593288839482,
      "delta_sd": 0.014320216469400796,
      "wilcoxon_p": 1.7763568394002505e-15,
      "n_folds": 50
    },
    "Coxnet_Full_vs_TMBClin": {
      "delta_mean": 0.00551360273457806,
      "delta_sd": 0.00841563352491963,
      "wilcoxon_p": 4.011462634423424e-05,
      "n_folds": 50
    },
    "RSF_Full_vs_TMB": {
      "delta_mean": 0.09480458620496648,
      "delta_sd": 0.013959608422407632,
      "wilcoxon_p": 1.7763568394002505e-15,
      "n_folds": 50
    },
    "RSF_Full_vs_TMBClin": {
      "delta_mean": 0.00402225605114972,
      "delta_sd": 0.008553595078726375,
      "wilcoxon_p": 0.004178445711550793,
      "n_folds": 50
    }
  }
}