method,within_cohort_AUC,LOCO_AUC,gap
Best single sig (IFNg_Ayers18),0.5444574193910398,0.6058766969135674,-0.06141927752252763
Logistic (11 signatures),0.6228985126646265,0.5958353730143965,0.027063139650229995
Logistic-L2 (126 genes),0.6534604937082267,0.5832754926351095,0.0701850010731172
GBM (126 genes),0.5783873803721107,0.56231390983183,0.016073470540280632
